Peak Number,Begin Time (min),End Time (min),Duration (min)
1,35.092083,38.848750,3.756667
2,18.572083,19.468750,0.896667
