Peak Number,Begin Time (min),End Time (min),Duration (min)
1,34.528750,34.864583,0.335833
2,34.868750,36.095417,1.226667
